﻿<?xml version="1.0"?>
<doc>
<assembly>
<name>
EUD Editor 3
</name>
</assembly>
<members>
<member name="T:EUD_Editor_3.My.MyWpfExtension">
 <summary>
 WPF용 My 네임스페이스에 사용할 수 있는 속성을 정의하는 데 사용되는 모듈입니다.
 </summary>
 <remarks></remarks>
</member>
<member name="P:EUD_Editor_3.My.MyWpfExtension.Application">
 <summary>
 실행하는 응용 프로그램에 대한 응용 프로그램 개체를 반환합니다.
 </summary>
</member>
<member name="P:EUD_Editor_3.My.MyWpfExtension.Computer">
 <summary>
 호스트 컴퓨터에 대한 정보를 반환합니다.
 </summary>
</member>
<member name="P:EUD_Editor_3.My.MyWpfExtension.User">
 <summary>
 현재 사용자에 대한 정보를 반환합니다.  현재 Windows 사용자 자격 증명을 사용하여 응용 프로그램을 실행하려면 
 My.User.InitializeWithWindowsUser()를 호출하십시오.
 </summary>
</member>
<member name="P:EUD_Editor_3.My.MyWpfExtension.Log">
 <summary>
 응용 프로그램 로그를 반환합니다. 응용 프로그램의 구성 파일로 수신기를 구성할 수 있습니다.
 </summary>
</member>
<member name="P:EUD_Editor_3.My.MyWpfExtension.Windows">
 <summary>
 프로젝트에 정의된 Windows 컬렉션을 반환합니다.
 </summary>
</member>
<member name="T:EUD_Editor_3.My.Resources.Resources">
<summary>
  지역화된 문자열 등을 찾기 위한 강력한 형식의 리소스 클래스입니다.
</summary>
</member>
<member name="P:EUD_Editor_3.My.Resources.Resources.ResourceManager">
<summary>
  이 클래스에서 사용하는 캐시된 ResourceManager 인스턴스를 반환합니다.
</summary>
</member>
<member name="P:EUD_Editor_3.My.Resources.Resources.Culture">
<summary>
  이 강력한 형식의 리소스 클래스를 사용하여 모든 리소스 조회에 대해 현재 스레드의 CurrentUICulture 속성을
  재정의합니다.
</summary>
</member>
<member name="P:EUD_Editor_3.My.Resources.Resources.success">
<summary>
  System.IO.MemoryStream과(와) 유사한 System.IO.UnmanagedMemoryStream 형식의 지역화된 리소스를 찾습니다.
</summary>
</member>
<member name="T:EUD_Editor_3.GRPImageBox">
<summary>
GRPImageBox
</summary>
</member>
<member name="M:EUD_Editor_3.GRPImageBox.InitializeComponent">
<summary>
InitializeComponent
</summary>
</member>
<member name="F:EUD_Editor_3.MPQMoudle.StormLib.DLL">
 <summary>
 Path to DLL file.
 </summary>
</member>
<member name="M:EUD_Editor_3.MPQMoudle.StormLib.SFileOpenArchive(System.String,System.UInt32,System.UInt32,System.UInt32@)">
 <summary>
 Function SFileOpenArchive opens a MPQ archive. During the open operation, the archive is checked for corruptions, internal (listfile) and (attributes) are loaded, unless specified otherwise.
 The archive is open for read and write operations, unless MPQ_OPEN_READ_ONLY is specified.
 </summary>
 <param name="szMpqName">Archive file name to open.</param>
 <param name="dwPriority">Priority of the archive for later search. StormLib does not use this parameter, set it to zero.</param>
 <param name="dwFlags">Flags that specify additional options about how to open the file. Several flags can be combined that can tell StormLib where to open the MPQ from, and what's the stream type of the MPQ.
 Note that the BASE_PROVIDER_*, STREAM_PROVIDER_* and STREAM_FLAG_* are valid since StormLib v 8.10.</param>
 <param name="phMpq">Pointer to a variable of HANDLE type, where the opened archive handle will be stored.</param>
 <returns>When the function succeeds, it returns nonzero and phMPQ contains the handle of the opened archive. When the archive cannot be open, function returns false and GetLastError gives the error code.</returns>
</member>
<member name="M:EUD_Editor_3.MPQMoudle.StormLib.SFileCreateArchive(System.String,System.UInt32,System.UInt32,System.UInt32@)">
 <summary>
 Function SFileCreateArchive opens or creates the MPQ archive. The function can also convert an existing file to MPQ archive. The MPQ archive is always open for write operations. The function internally verifies the file using SFileOpenArchive. If the file already exists and it is an MPQ archive, the function fails and GetLastError() returns ERROR_ALREADY_EXISTS.
 </summary>
 <param name="szMpqName">Archive file name to be created.</param>
 <param name="dwFlags">Specifies additional flags for MPQ creation process.</param>
 <param name="dwMaxFileCount">File count limit. The value must be in range of HASH_TABLE_SIZE_MIN (0x04) and HASH_TABLE_SIZE_MAX (0x80000). StormLib will automatically calculate size of hash tables and block tables from this value.</param>
 <param name="phMpq">Pointer to a variable of HANDLE type, where the opened archive handle will be stored.</param>
 <returns>When the function succeeds, it returns nonzero and phMPQ contains the handle of the new archive. On an error, the function returns false and GetLastError gives the error code.</returns>
</member>
<member name="M:EUD_Editor_3.MPQMoudle.StormLib.SFileAddListFile(System.UInt32,System.String)">
 <summary>
 SFileAddListFile adds an external listfile to the open MPQ. Note that the listfile is merely added to the memory structures of the open MPQ. On-disk structures of the MPQ are not changed. Use this function to specify an extra listfile to an opened MPQ, for example when there is no internal listfile, or if the internal listfile is not complete.
 </summary>
 <param name="hMpq">Handle to an open MPQ.</param>
 <param name="szListFile">Listfile name to add. If this parameter is NULL, the function adds the internal listfile from the MPQ, if present. Adding the same listfile multiple times has no effect.</param>
 <returns>When the function succeeds, it returns ERROR_SUCCESS. On an error, the function returns error code.</returns>
</member>
<member name="M:EUD_Editor_3.MPQMoudle.StormLib.SFileSetLocale(System.UInt32)">
 <summary>
 Function SFileSetLocale sets a preferred locale for file functions, such as SFileOpenFileEx or SFileAddFileEx. The locale is stored as a global variable and thus affects every open or add operation.
 Note that this function does not change locale ID of any existing file in the MPQ.
 </summary>
 <param name="lcNewLocale">Locale ID to be set.</param>
 <returns>The function never fails and always returns lcNewLocale.</returns>
</member>
<member name="M:EUD_Editor_3.MPQMoudle.StormLib.SFileGetLocale">
 <summary>
 Function SFileGetLocale returns locale that is set as a preferred locale for files that will be open by SFileOpenFileEx and added by SFileAddFileEx. The locale is stored as a global variable and thus affects every open or add operation.
 </summary>
 <returns>The function never fails and always returns current locale ID.</returns>
</member>
<member name="M:EUD_Editor_3.MPQMoudle.StormLib.SFileFlushArchive(System.UInt32)">
 <summary>
 Function SFileFlushArchive saves any in-memory structures to the MPQ archive on disk. Due to performance reasons, StormLib caches several data structures in memory (e.g. block table or hash table). When a file is added to the MPQ, those structures are only updated in memory. Calling SFileFlushArchive forces saving in-memory MPQ tables to the file, preventing a MPQ corruption incase of power down or crash of the calling application. Note that this function is called internally when the archive is closed.
 </summary>
 <param name="hMpq">Handle to an open MPQ.</param>
</member>
<member name="M:EUD_Editor_3.MPQMoudle.StormLib.SFileCloseArchive(System.UInt32)">
 <summary>
 Function SFileFlushArchive saves any in-memory structures to the MPQ archive on disk. Due to performance reasons, StormLib caches several data structures in memory (e.g. block table or hash table). When a file is added to the MPQ, those structures are only updated in memory. Calling SFileFlushArchive forces saving in-memory MPQ tables to the file, preventing a MPQ corruption incase of power down or crash of the calling application. Note that this function is called internally when the archive is closed.
 </summary>
 <param name="phMpq"> Handle to an open MPQ.</param>
 <returns>When the function succeeds, it returns nonzero. On an error, the function returns false and GetLastError gives the error code.</returns>
</member>
<member name="M:EUD_Editor_3.MPQMoudle.StormLib.SFileSetMaxFileCount(System.UInt32,System.UInt32)">
 <summary>
 Function SFileSetMaxFileCount changes the limit for number of files that can be stored in the archive. No files are changed during this operation.
 </summary>
 <param name="hMpq">Handle to an open archive. This handle must have been obtained by SFileOpenArchive or SFileCreateArchive.</param>
 <param name="dwMaxFileCount">New size of the hash table. This parameter must be in range of HASH_TABLE_SIZE_MIN and HASH_TABLE_SIZE_MAX.</param>
 <returns>When the function succeeds, it returns nonzero. On an error, the function returns false and GetLastError gives the error code.</returns>
</member>
<member name="M:EUD_Editor_3.MPQMoudle.StormLib.SFileCompactArchive(System.UInt32,System.String,System.Boolean)">
 <summary>
 SFileCompactArchive might take several minutes to complete, depending on size of the archive being rebuilt. If you want to use SFileCompactArchive in your application, you can utilize a compact callback, which can be set by SFileSetCompactCallback.
 </summary>
 <param name="hMpq">Handle to an open MPQ. The MPQ must have been open by SFileOpenArchive or created by SFileCreateArchive.</param>
 <param name="szListFile">Allows to specify an additional listfile, that will be used together with internal listfile. Can be NULL.</param>
 <param name="bReserved">Not used, set to zero.</param>
 <returns>When the function succeeds, it returns nonzero. On an error, the function returns false and GetLastError gives the error code.</returns>
</member>
<member name="M:EUD_Editor_3.MPQMoudle.StormLib.SFileSetCompactCallback(System.UInt32,EUD_Editor_3.MPQMoudle.StormLib.SFILE_COMPACT_CALLBACK,System.IntPtr)">
 <summary>
 Function SFileSetCompactCallback sets a callback that will be called during operations performed by SFileCompactArchive. Registering a callback will help the calling application to show a progress about the operation, which will enhance user experience with the application.
 </summary>
 <param name="hMpq">Handle to the MPQ that will be compacted. Current version of StormLib ignores the parameter, but it is recommended to set it to the handle of the archive.</param>
 <param name="pfnCompactCB">Pointer to the callback function. For the prototype and parameters, see below.</param>
 <param name="pvUserData">User defined data that will be passed to the callback function.</param>
 <returns>The function never fails and always sets the callback.</returns>
</member>
<member name="M:EUD_Editor_3.MPQMoudle.StormLib.SFileOpenPatchArchive(System.UInt32,System.String,System.String,System.UInt32)">
 <summary>
 Function SFileOpenPatchArchive adds a patch archive to the existing open MPQ. The MPQ must have been open by SFileOpenArchive, and also with MPQ_OPEN_READ_ONLY specified. The patch archive is added to the list of patches that belong to the primary MPQ. No handle is returned, and the patch(es) is closed when the primary MPQ handle is closed. The patch MPQ opened during the process is maintained internally by StormLib and cannot be accessed directly.
 </summary>
 <param name="hMpq">Handle to a MPQ that serves as primary MPQ when patched.</param>
 <param name="szMpqName">Name of the patch MPQ to be added.</param>
 <param name="szPatchPathPrefix">Pointer to patch prefix for file names. This parameter can be NULL, which makes StormLib to determine patch prefix for the specific combination of names of the base MPQ and patch MPQ.</param>
 <param name="dwFlags">Reserved for future use.</param>
 <returns>When the function succeeds, it returns nonzero. When the archive cannot be added as patch archive, function returns false and GetLastError gives the error code.</returns>
</member>
<member name="M:EUD_Editor_3.MPQMoudle.StormLib.SFileIsPatchedArchive(System.UInt32)">
 <summary>
 Function SFileIsPatchedArchive returns true, if the given MPQ has one or more patches added.
 </summary>
 <param name="hMpq">Handle to a MPQ in question.</param>
 <returns>The function returns true, when there is at least one patch added to the MPQ. Otherwise, it returns false.</returns>
</member>
<member name="M:EUD_Editor_3.MPQMoudle.StormLib.SFileOpenFileEx(System.UInt32,System.String,System.UInt32,System.UInt32@)">
 <summary>
 Function SFileOpenFileEx opens a file from MPQ archive. The file is only open for read. The file must be closed by calling SFileCloseFile. All files must be closed before the MPQ archive is closed.
 </summary>
 <param name="hMpq">Handle to an open archive.</param>
 <param name="szFileName">Name or index of the file to open.</param>
 <param name="dwSearchScope">Value that specifies how exactly the file should be open.</param>
 <param name="phFile">Pointer to a variable of HANDLE type, that will receive HANDLE to the open file.</param>
 <returns>When the function succeeds, it returns nonzero and phFile contains the handle of the opened file. When the file cannot be open, function returns false and GetLastError gives the error code.</returns>
</member>
<member name="M:EUD_Editor_3.MPQMoudle.StormLib.SFileGetFileSize(System.UInt32,System.UInt32@)">
 <summary>
 Function SFileGetFileSize retrieves the size of an open file.
 </summary>
 <param name="hMpq">Handle to an open file. The file handle must have been created by SFileOpenFileEx.</param>
 <param name="pdwFileSizeHigh">Receives high 32 bits of the a file size. This parameter can be NULL.</param>
 <returns>When the function succeeds, it returns lower 32-bit of the file size. On an error, it returns SFILE_INVALID_SIZE and GetLastError returns an error code.</returns>
</member>
<member name="M:EUD_Editor_3.MPQMoudle.StormLib.SFileSetFilePointer(System.UInt32,System.Int32,System.Int32@,System.UInt32)">
 <summary>
 Function SFileSetFilePointer sets current position in an open file.
 </summary>
 <param name="hMpq">Handle to an open file. The file handle must have been created by SFileOpenFileEx.</param>
 <param name="lFilePos"> Low 32 bits of new position in the file.</param>
 <param name="plFilePosHigh">Pointer to a high 32 bits of new position in the file.</param>
 <param name="dwMoveMethod">The starting point for the file pointer move.</param>
 <returns>When the function succeeds, it returns lower 32-bit of the file size. On an error, it returns SFILE_INVALID_SIZE and GetLastError returns an error code.</returns>
</member>
<member name="M:EUD_Editor_3.MPQMoudle.StormLib.SFileReadFile(System.UInt32,System.Byte[],System.UInt32,System.UInt32@,System.IntPtr)">
 <summary>
 Function SFileReadFile reads data from an open file.
 </summary>
 <param name="hMpq">Handle to an open file. The file handle must have been created by SFileOpenFileEx.</param>
 <param name="lpBuffer">Pointer to buffer that will receive loaded data. The buffer size must be greater or equal to dwToRead.</param>
 <param name="dwToRead">Number of bytes to be read.</param>
 <param name="pdwRead">Pointer to DWORD that will receive number of bytes read.</param>
 <param name="lpOverlapped">If hFile is handle to a local disk file, lpOverlapped is passed to ReadFile. Otherwise not used.</param>
 <returns>When all requested bytes have been read, the function returns true. When less than requested bytes have been read, the function returns false and GetLastError returns ERROR_HANDLE_EOF. If an error occured, the function returns false and GetLastError returns an error code different from ERROR_HANDLE_EOF.</returns>
</member>
<member name="M:EUD_Editor_3.MPQMoudle.StormLib.SFileCloseFile(System.UInt32)">
 <summary>
 Function SFileCloseFile closes an open MPQ file. All in-memory data are freed. After this function finishes, the hFile handle is no longer valid and must not be used in any file operations.
 </summary>
 <param name="hFile">Handle to an open file.</param>
 <returns>When the function succeeds, it returns nonzero. On an error, the function returns false and GetLastError gives the error code.</returns>
</member>
<member name="M:EUD_Editor_3.MPQMoudle.StormLib.SFileHasFile(System.UInt32,System.String)">
 <summary>
 Function SFileHasFile performs a quick check if a file exists within the MPQ archive. The function does not perform file open, not even internally. It merely checks hash table if the file is present.
 </summary>
 <param name="hMpq">Handle to an open MPQ.</param>
 <param name="szFileName">Name of the file to check.</param>
 <returns>When the file is present in the MPQ, function returns true. When the file is not present in the MPQ archive, the function returns false and GetLastError returns ERROR_FILE_NOT_FOUND. If an error occured, the function returns false and GetLastError returns an error code different than ERROR_FILE_NOT_FOUND.</returns>
</member>
<member name="M:EUD_Editor_3.MPQMoudle.StormLib.SFileGetFileName(System.UInt32,System.String@)">
 <summary>
 Function SFileGetFileName retrieves the name of an open file.
 </summary>
 <param name="hMpq">Handle to an open file. The file handle must have been created by SFileOpenFileEx.</param>
 <param name="szFileName">Receives the file name. The buffer must be at least MAX_PATH characters long.</param>
 <returns>When the function succeeds, it returns true and buffer pointed by szFileName contains name of the file. On an error, the function returns false and GetLastError returns an error code.</returns>
</member>
<member name="M:EUD_Editor_3.MPQMoudle.StormLib.SFileGetFileInfo(System.UInt32,System.UInt32,System.IntPtr,System.UInt32,System.UInt32@)">
 <summary>
 Function SFileGetFileInfo retrieves an information about an open MPQ archive or a file.
 </summary>
 <param name="hMpqOrFile">Handle to an open file or to an open MPQ archive, depending on the value of dwInfoType.</param>
 <param name="dwInfoType">Type of information to retrieve. See Return Value for more information.</param>
 <param name="pvFileInfo">Pointer to buffer where to store the required information.</param>
 <param name="cbFileInfo">Size of the buffer pointed by pvFileInfo.</param>
 <param name="pcbLengthNeeded">Size, in bytes, needed to store the information into pvFileInfo.</param>
 <returns>When the function succeeds, it returns true. On an error, the function returns false and GetLastError returns error code. Possible error codes may be ERROR_INVALID_PARAMETER (unknown file info type) or ERROR_INSUFFICIENT_BUFFER (not enough space in the supplied buffer).</returns>
</member>
<member name="M:EUD_Editor_3.MPQMoudle.StormLib.SFileVerifyFile(System.UInt32,System.String,System.UInt32)">
 <summary>
 Function SFileVerifyFile verifies the file by its CRC and MD5. The (attributes) file must exist in the MPQ and must have been open by SFileOpenArchive or created by SFileCreateArchive. The entire file is always checked for readability. Additional flags in dwFlags turn on extra checks on the file.
 </summary>
 <param name="hMpq">Handle to an open MPQ archive.</param>
 <param name="szFileName">Name of a file to verify.</param>
 <param name="dwFlags">Specifies what to verify.</param>
 <returns>Return value is zero when no problerms were found.</returns>
</member>
<member name="M:EUD_Editor_3.MPQMoudle.StormLib.SFileVerifyArchive(System.UInt32)">
 <summary>
 Function SFileVerifyArchive verifies digital signature of the archive, is a digital signature is present. in the MPQ and must have been open by SFileOpenArchive. Note that MPQ archives created by StormLib are never signed.
 </summary>
 <param name="hMpq">Handle to an open MPQ archive to be verified.</param>
 <returns>Return value can be one of the following values:</returns>
</member>
<member name="M:EUD_Editor_3.MPQMoudle.StormLib.SFileExtractFile(System.UInt32,System.String,System.String,System.UInt32)">
 <summary>
 Function SFileExtractFile extracts one file from an MPQ archive.
 </summary>
 <param name="hMpq">Handle to an open MPQ archive.</param>
 <param name="szToExtract">Name of a file within the MPQ that is to be extracted.</param>
 <param name="szExtracted">Specifies the name of a local file that will be created and will contain data from the extracted MPQ file.</param>
 <param name="dwSearchScope">This parameter refines the definition of what to extract. If you want ot extract an unpatched file, use SFILE_OPEN_FROM_MPQ (this is the default parameter). If you want to extract patched version of the file, use SFILE_OPEN_PATCHED_FILE.</param>
 <returns>If the MPQ file has been successfully extracted into the target file, the function returns true. On an error, the function returns false and GetLastError returns an error code.</returns>
</member>
<member name="M:EUD_Editor_3.MPQMoudle.StormLib.SFileFindFirstFile(System.UInt32,System.String,EUD_Editor_3.MPQMoudle.StormLib.SFILE_FIND_DATA,System.String)">
 <summary>
 Function SFileFindFirstFile searches an MPQ archive and returns name of the first file that matches the given search mask and exists in the MPQ archive. When the caller finishes searching, the returned handle must be freed by calling SFileFindClose.
 </summary>
 <param name="hMpq">Handle to an open archive.</param>
 <param name="szMask">Name of the search mask. "*" will return all files.</param>
 <param name="lpFindFileData">Pointer to SFILE_FIND_DATA structure that will receive information about the found file.</param>
 <param name="szListFile">Name of an extra list file that will be used for searching. Note that SFileAddListFile is called internally. The internal listfile in the MPQ is always used (if exists). This parameter can be NULL.</param>
 <returns>When the function succeeds, it returns handle to the MPQ search object and the SFILE_FIND_DATA structure is filled with information about the file. On an error, the function returns NULL and GetLastError gives the error code.</returns>
</member>
<member name="M:EUD_Editor_3.MPQMoudle.StormLib.SFileFindNextFile(System.UInt32,EUD_Editor_3.MPQMoudle.StormLib.SFILE_FIND_DATA)">
 <summary>
 Function SFileFindNextFile continues search that has been initiated by SFileFindFirstFile. When the caller finishes searching, the returned handle must be freed by calling SFileFindClose.
 </summary>
 <param name="hFind">Search handle. Must have been obtained by call to SFileFindFirstFile.</param>
 <param name="lpFindFileData">Pointer to SFILE_FIND_DATA structure that will receive information about the found file. For layout of the structure, see SFileFindFirstFile.</param>
 <returns>When the function succeeds, it returns nonzero and the SFILE_FIND_DATA structure is filled with information about the file. On an error, the function returns zero and GetLastError gives the error code.</returns>
</member>
<member name="M:EUD_Editor_3.MPQMoudle.StormLib.SFileFindClose(System.UInt32)">
 <summary>
 Function SFileFindClose closes a find handle that has been created by SFileFindFirstFile.
 </summary>
 <param name="hFind">Search handle. Must have been obtained by call to SFileFindFirstFile.</param>
 <returns>When the function succeeds, it returns nonzero. On an error, the function returns zero and GetLastError gives the error code.</returns>
</member>
<member name="M:EUD_Editor_3.MPQMoudle.StormLib.SListFileFindFirstFile(System.UInt32,System.String,System.String,EUD_Editor_3.MPQMoudle.StormLib.SFILE_FIND_DATA)">
 <summary>
 Function SListFileFindFirstFile searches a listfile and returns name of the first file that matches the given search mask. When the caller finishes searching, the returned handle must be freed by calling SListFileFindClose. Note that unlike SFileFindFirstFile, this function does not check if the file exists within the archive and doesn't call SFileAddListFile.
 </summary>
 <param name="hMpq">Handle to an open archive. This parameter must only be valid if szListFile is NULL.</param>
 <param name="szListFile">Name of the listfile that will be used for searching. If this parameter is NULL, the function searches the MPQ internal listfile (if any).</param>
 <param name="szMask">Name of the search mask. "*" will return all files.</param>
 <param name="lpFindFileData">Pointer to SFILE_FIND_DATA structure that will receive name of the found file. For layout of this structure, see SFileFindFirstFile.</param>
 <returns>When the function succeeds, it returns handle to the MPQ search object and the cFileName member of SFILE_FIND_DATA structure is filled with name of the file. On an error, the function returns NULL and GetLastError gives the error code.</returns>
</member>
<member name="M:EUD_Editor_3.MPQMoudle.StormLib.SListFileFindNextFile(System.UInt32,EUD_Editor_3.MPQMoudle.StormLib.SFILE_FIND_DATA)">
 <summary>
 Function SListFileFindNextFile continues listfile searching initiated by SListFileFindFirstFile.
 </summary>
 <param name="hFind">Search handle. Must have been obtained by call to SListFileFindFirstFile.</param>
 <param name="lpFindFileData">Pointer to SFILE_FIND_DATA structure that will receive name of the found file. For layout of the structure, see SFileFindFirstFile.</param>
 <returns>When the function succeeds, it returns nonzero and the cFileName member of SFILE_FIND_DATA structure is filled with name of the file. On an error, the function returns zero and GetLastError gives the error code.</returns>
</member>
<member name="M:EUD_Editor_3.MPQMoudle.StormLib.SListFileFindClose(System.UInt32)">
 <summary>
 Function SListFileFindClose closes a find handle that has been created by SListFileFindFirstFile.
 </summary>
 <param name="hFind">Search handle. Must have been obtained by call to SListFileFindFirstFile.</param>
 <returns>When the function succeeds, it returns nonzero. On an error, the function returns zero and GetLastError gives the error code.</returns>
</member>
<member name="M:EUD_Editor_3.MPQMoudle.StormLib.SListFileFindClose(System.UInt32,System.String,System.UInt32@,System.UInt32@,System.UInt32)">
 <summary>
 Function SFileEnumLocales enumerates all locales for the given file that are present in the MPQ.
 </summary>
 <param name="hMpq">Handle to a MPQ.</param>
 <param name="szFileName">Name of a file to enumerate the locales.</param>
 <param name="plcLocales">An array of LCIDs that will receive locales. This parameter can be NULL if pdwMaxLocales points to zero.</param>
 <param name="pdwMaxLocales"> On input, this argument must point to a variable that contains maximum number of entries in plcLocales array. On output, this variable receives number of locales that are for the file. This argument cannot be NULL.</param>
 <param name="dwSearchScope">This parameter is ignored.</param>
 <returns>When the function succeeds, it returns ERROR_SUCCESS. On an error, the function returns an error code.</returns>
</member>
<member name="M:EUD_Editor_3.MPQMoudle.StormLib.SFileCreateFile(System.UInt32,System.String,System.UInt64,System.UInt32,System.UInt32,System.UInt32,System.UInt32@)">
 <summary>
 Function SFileCreateFile creates a new file within archive and prepares it for storing the data.
 </summary>
 <param name="hMpq">Handle to an open MPQ. This handle must have been obtained by calling SFileOpenArchive or SFileCreateArchive.</param>
 <param name="szArchivedName">A name under which the file will be stored into the MPQ.</param>
 <param name="FileTime">Specifies the file date-time that will be stored into "(attributes)" file in MPQ. This parameter is optional and can be zero.</param>
 <param name="dwFileSize">Specifies the size of the data that will be written to the file. This size of the file is set by the call and cannot be changed. The subsequent amount of data written must exactly match the size given by this parameter.</param>
 <param name="lcLocale">Specifies the locale for the new file.</param>
 <param name="dwFlags">Specifies additional options about how to add the file to the MPQ. For more information about these flags, see SFileAddFileEx.</param>
 <param name="phFile">Pointer to a variable of HANDLE type that receives a valid handle. Note that this handle can only be used in call to SFileWriteFile and SFileFinishFile. This handle must never be passed to another file function. Moreover, this handle must always be freed by SFileFinishFile, if not NULL.</param>
 <returns>When the function succeeds, it returns nonzero. On an error, the function returns false and GetLastError gives the error code.</returns>
</member>
<member name="M:EUD_Editor_3.MPQMoudle.StormLib.SFileWriteFile(System.UInt32,System.IntPtr,System.UInt32,System.UInt32)">
 <summary>
 Function SFileWriteFile writes data to the archive. The file must have been created by SFileCreateFile.
 </summary>
 <param name="hMpq">Handle to a new file within MPQ. This handle must have been obtained by calling SFileCreateFile.</param>
 <param name="pvData">Pointer to data to be written to the file.</param>
 <param name="dwSize">Size of the data that are to be written to the MPQ.</param>
 <param name="dwCompression">Specifies the type of data compression that is to be applied to the data, in case the amount of the data will reach size of one file sector. For more information about the available compressions, see SFileAddFileEx.</param>
 <returns>When the function succeeds, it returns nonzero. On an error, the function returns false and GetLastError gives the error code.</returns>
</member>
<member name="M:EUD_Editor_3.MPQMoudle.StormLib.SFileFinishFile(System.UInt32)">
 <summary>
 Function SFileFinishFile finalized creation of the archived file. The file must have been created by SFileCreateFile.
 </summary>
 <param name="hFile">Handle to a new file within MPQ. This handle must have been obtained by calling SFileCreateFile.</param>
 <returns>When the function succeeds, it returns nonzero. On an error, the function returns false and GetLastError gives the error code.</returns>
</member>
<member name="M:EUD_Editor_3.MPQMoudle.StormLib.SFileAddFileEx(System.UInt32,System.String,System.String,System.UInt32,System.UInt32,System.UInt32)">
 <summary>
 Function SFileAddFileEx adds a file to the MPQ archive. The MPQ must have been open by SFileOpenArchive or created by SFileCreateArchive. Note that this operation might cause MPQ fragmentation. To reduce size of the MPQ, use SFileCompactArchive.
 </summary>
 <param name="hMpq">Handle to an open MPQ. This handle must have been obtained by calling SFileOpenArchive or SFileCreateArchive.</param>
 <param name="szfileName">Name of a file to be added to the MPQ.</param>
 <param name="szArchivedName">A name under which the file will be stored into the MPQ. This does not have to be the same like the original file name.</param>
 <param name="dwFlags">Specifies additional options about how to add the file to the MPQ.</param>
 <param name="dwCompression">Compression method of the first file block. This parameter is ignored if MPQ_FILE_COMPRESS is not specified in dwFlags. </param>
 <param name="dwCompressionNext">Compression method of rest of the file. This parameter optional and is ignored if MPQ_FILE_COMPRESS is not specified in dwFlags.</param>
 <returns>When the function succeeds, it returns nonzero. On an error, the function returns false and GetLastError gives the error code.</returns>
</member>
<member name="M:EUD_Editor_3.MPQMoudle.StormLib.SFileAddFile(System.UInt32,System.String,System.String,System.UInt32)">
 <summary>
 Function SFileAddFile adds a file to the MPQ archive. The MPQ must have been open by SFileOpenArchive or created by SFileCreateArchive. Note that this operation might cause MPQ fragmentation. To reduce size of the MPQ, use SFileCompactArchive.
 </summary>
 <param name="hMpq">Handle to an open MPQ. This handle must have been obtained by calling SFileOpenArchive or SFileCreateArchive.</param>
 <param name="szfileName">Name of a file to be added to the MPQ.</param>
 <param name="szArchivedName">A name under which the file will be stored into the MPQ. This does not have to be the same like the original file name.</param>
 <param name="dwFlags">Specifies additional options about how to add the file to the MPQ. For more information about these flags, see SFileAddFileEx.</param>
 <returns>When the function succeeds, it returns nonzero. On an error, the function returns false and GetLastError gives the error code.</returns>
</member>
<member name="M:EUD_Editor_3.MPQMoudle.StormLib.SFileAddWave(System.UInt32,System.String,System.String,System.UInt32,System.UInt32)">
 <summary>
 Function SFileAddWave adds a WAVE file to the MPQ archive. The MPQ must have been open by SFileOpenArchive or created by SFileCreateArchive. Note that this operation might cause MPQ fragmentation. To reduce size of the MPQ, use SFileCompactArchive. This function is obsolete. WAVE files should be stored the same way like normal data files.
 </summary>
 <param name="hMpq">Handle to an open MPQ. This handle must have been obtained by calling SFileOpenArchive or SFileCreateArchive.</param>
 <param name="szfileName">Name of a file to be added to the MPQ.</param>
 <param name="szArchivedName">A name under which the file will be stored into the MPQ. This does not have to be the same like the original file name.</param>
 <param name="dwFlags">Specifies additional options about how to add the file to the MPQ. For more information about these flags, see SFileAddFileEx.</param>
 <param name="dwQuality">Specifies quality of WAVE compression. This parameter is ignored if MPQ_FILE_COMPRESS is not specified in dwFlags.</param>
 <returns>When the function succeeds, it returns nonzero. On an error, the function returns false and GetLastError gives the error code.</returns>
</member>
<member name="M:EUD_Editor_3.MPQMoudle.StormLib.SFileRemoveFile(System.UInt32,System.String,System.UInt32)">
 <summary>
 Function SFileRemoveFile removes a file from MPQ. The MPQ must have been open by SFileOpenArchive or created by SFileCreateArchive. Note that this operation leaves a gap in the MPQ file. To reduce size of the MPQ, use SFileCompactArchive.
 </summary>
 <param name="hMpq">Handle to an open MPQ. This handle must have been obtained by calling SFileOpenArchive or SFileCreateArchive.</param>
 <param name="szFileName">Name of a file to be removed.</param>
 <param name="dwSearchScope">This parameter is ignored in the current version of StormLib.</param>
 <returns>When the function succeeds, it returns nonzero. On an error, the function returns false and GetLastError gives the error code.</returns>
</member>
<member name="M:EUD_Editor_3.MPQMoudle.StormLib.SFileRenameFile(System.UInt32,System.String,System.String)">
 <summary>
 Function SFileRenameFile renames a file within MPQ. The MPQ must have been open by SFileOpenArchive or created by SFileCreateArchive. Note that this operation does not cause MPQ fragmentation and thus it is not necessary to compact the archive.
 </summary>
 <param name="hMpq">Handle to an open MPQ. This handle must have been obtained by calling SFileOpenArchive or SFileCreateArchive.</param>
 <param name="szOldFileName">Name of a file to be renamed.</param>
 <param name="szNewFileName">New name of the file.</param>
 <returns>When the function succeeds, it returns nonzero. On an error, the function returns false and GetLastError gives the error code.</returns>
</member>
<member name="M:EUD_Editor_3.MPQMoudle.StormLib.SFileSetFileLocale(System.UInt32,System.UInt32)">
 <summary>
 Function SFileSetFileLocale sets new locale ID for an open file. The locale ID is changed in the block table of the MPQ. The MPQ must have been open by SFileOpenArchive or created by SFileCreateArchive. Note that this operation does not cause MPQ fragmentation and thus it is not necessary to compact the archive.
 </summary>
 <param name="hFile">Handle to the file in the MPQ. This handle must have been obtained by calling SFileOpenFileEx.</param>
 <param name="lcNewLocale">New locale ID for the file. For more onformation about locales, see SFileSetLocale.</param>
 <returns>When the function succeeds, it returns nonzero. On an error, the function returns false and GetLastError gives the error code.</returns>
</member>
<member name="M:EUD_Editor_3.MPQMoudle.StormLib.SFileSetDataCompression(System.UInt32)">
 <summary>
 Function SFileSetDataCompression configures compression mask for subsequent calls to SFileAddFile. The compression mask is remembered until changed.
 </summary>
 <param name="DataCompression">Bit mask of data compression.</param>
 <returns>When the function succeeds, it returns nonzero. On an error, the function returns false and GetLastError gives the error code.</returns>
</member>
<member name="M:EUD_Editor_3.MPQMoudle.StormLib.SFileSetAddFileCallback(System.UInt32,EUD_Editor_3.MPQMoudle.StormLib.SFILE_ADDFILE_CALLBACK,System.IntPtr)">
 <summary>
 Function SFileSetAddFileCallback sets a callback that will be called during operations performed by SFileAddFileEx. Registering a callback will help the calling application to show a progress about the operation, which enhances user experience with the application.
 </summary>
 <param name="hMpq">Handle to the MPQ that will be compacted. Current version of StormLib ignores the parameter, but it is recommended to set it to the handle of the archive.</param>
 <param name="pfnAddFileCB">Pointer to the callback function. For the prototype and parameters, see below.</param>
 <param name="pvUserData">User defined data that will be passed to the callback function.</param>
 <returns>The function never fails and always sets the callback.</returns>
</member>
<member name="M:EUD_Editor_3.MPQMoudle.StormLib.SCompImplode(System.Byte[],System.Int32@,System.Byte[],System.Int32)">
 <summary>
 SCompImplode compresses a data buffer, using Pkware Data Compression library's IMPLODE method.
 </summary>
 <param name="pbOutBuffer">Pointer to buffer where the compressed data will be stored.</param>
 <param name="pcbOutBuffer">On call, pointer to the length of the buffer in pbOutBuffer. When finished, this variable receives length of the compressed data.</param>
 <param name="pbInBuffer">Pointer to data that are to be imploded.</param>
 <param name="cbInBuffer">Length of the data pointed by pbInBuffer.</param>
 <returns>When the function succeeds, it returns nonzero. On an error, the function returns FALSE and GetLastError gives the error code.</returns>
</member>
<member name="M:EUD_Editor_3.MPQMoudle.StormLib.SCompExplode(System.Byte[],System.Int32@,System.Byte[],System.Int32)">
 <summary>
 SCompExplode decompresses a data block compressed by SCompImplode.
 </summary>
 <param name="pbOutBuffer">Pointer to buffer where the decompressed data will be stored.</param>
 <param name="pcbOutBuffer">On call, pointer to the length of the buffer in pbOutBuffer. When finished, this variable receives length of the decompressed data.</param>
 <param name="pbInBuffer">Pointer to data that are to be exploded.</param>
 <param name="cbInBuffer">Length of the data pointed by pbInBuffer.</param>
 <returns>When the function succeeds, it returns nonzero. On an error, the function returns FALSE and GetLastError gives the error code.</returns>
</member>
<member name="M:EUD_Editor_3.MPQMoudle.StormLib.SCompCompress(System.IntPtr,System.Int32@,System.IntPtr,System.Int32,System.UInt32,System.Int32,System.Int32)">
 <summary>
 SCompCompress compresses a data buffer, using various compression methods.
 </summary>
 <param name="pvOutBuffer">Pointer to buffer where the compressed data will be stored.</param>
 <param name="pcbOutBuffer">On call, pointer to the length of the buffer in pbOutBuffer. When finished, this variable receives length of the compressed data.</param>
 <param name="pbInBuffer">Pointer to data that are to be imploded.</param>
 <param name="cbInBuffer">Length of the data pointed by pbInBuffer.</param>
 <param name="uCompressionMask">Bit mask that specifies compression methods to use. For possible values of this parameter, see SFileAddFileEx.</param>
 <param name="nCmpType">An extra parameter, specific to compression type. This parameter is only used internally by Huffmann compression when applied after an ADPCM compression.</param>
 <param name="nCmpLevel">An extra parameter, specific to compression type. This parameter is used by ADPCM compression and is related to WAVE quality. See Remarks section for additional information.</param>
 <returns>When the function succeeds, it returns nonzero. On an error, the function returns FALSE and GetLastError gives the error code.</returns>
</member>
<member name="M:EUD_Editor_3.MPQMoudle.StormLib.SCompDecompress(System.IntPtr,System.Int32@,System.IntPtr,System.Int32)">
 <summary>
 SCompDecompress decompresses a data block compressed by SCompCompress.
 </summary>
 <param name="pbOutBuffer">Pointer to buffer where the decompressed data will be stored.</param>
 <param name="pcbOutBuffer">On call, pointer to the length of the buffer in pbOutBuffer. When finished, this variable receives length of the decompressed data.</param>
 <param name="pbInBuffer">Pointer to data that are to be exploded.</param>
 <param name="cbInBuffer">Length of the data pointed by pbInBuffer.</param>
 <returns>When the function succeeds, it returns nonzero. On an error, the function returns FALSE and GetLastError gives the error code.</returns>
</member>
<member name="T:EUD_Editor_3.MPQMoudle.StormLib.SFILE_COMPACT_CALLBACK">
 <summary>
 Callback function used by SFileSetCompactCallback.
 </summary>
 <param name="pvUserData">User data pointer that has been passed to SFileSetCompactCallback.</param>
 <param name="dwWorkType">Contains identifier of the work that is currently being done.</param>
 <param name="pBytesProcessed">Pointer to Int64, indicating what part of the archive has already been compacted.</param>
 <param name="pTotalBytes">Pointer to Int64, containing total number of bytes that has to be compacted.</param>
</member>
<member name="T:EUD_Editor_3.MPQMoudle.StormLib.SFILE_ADDFILE_CALLBACK">
 <summary>
 Callback function used by SFileSetAddFileCallback.
 </summary>
 <param name="pvUserData">User data pointer that has been passed to SFileSetAddFileCallback.</param>
 <param name="dwBytesWritten"> Contains number of bytes that has already been written to the MPQ.</param>
 <param name="dwTotalBytes">Contains total number of bytes to be written to the MPQ. It is the size of the file being added.</param>
 <param name="bFinalCall">If this parameter is true, it means that the operation is complete and succeeded. It also means that this is the last call to the callback function.</param>
</member>
<member name="F:EUD_Editor_3.MPQMoudle.StormLib.SFILE_FIND_DATA.cFileName">
 <summary>
 Name of the found file
 </summary>
</member>
<member name="F:EUD_Editor_3.MPQMoudle.StormLib.SFILE_FIND_DATA.szPlainName">
 <summary>
 Plain name of the found file
 </summary>
</member>
<member name="F:EUD_Editor_3.MPQMoudle.StormLib.SFILE_FIND_DATA.dwHashIndex">
 <summary>
 Hash table index for the file
 </summary>
</member>
<member name="F:EUD_Editor_3.MPQMoudle.StormLib.SFILE_FIND_DATA.dwBlockIndex">
 <summary>
 Block table index for the file
 </summary>
</member>
<member name="F:EUD_Editor_3.MPQMoudle.StormLib.SFILE_FIND_DATA.dwFileSize">
 <summary>
 Uncompressed size of the file, in bytes
 </summary>
</member>
<member name="F:EUD_Editor_3.MPQMoudle.StormLib.SFILE_FIND_DATA.dwFileFlags">
 <summary>
 MPQ file flags
 </summary>
</member>
<member name="F:EUD_Editor_3.MPQMoudle.StormLib.SFILE_FIND_DATA.dwCompSize">
 <summary>
 Compressed file size
 </summary>
</member>
<member name="F:EUD_Editor_3.MPQMoudle.StormLib.SFILE_FIND_DATA.dwFileTimeLo">
 <summary>
 Low 32-bits of the file time (0 if not present)
 </summary>
</member>
<member name="F:EUD_Editor_3.MPQMoudle.StormLib.SFILE_FIND_DATA.dwFileTimeHi">
 <summary>
 High 32-bits of the file time (0 if not present)
 </summary>
</member>
<member name="F:EUD_Editor_3.MPQMoudle.StormLib.SFILE_FIND_DATA.lcLocale">
 <summary>
 Locale version
 </summary>
</member>
<member name="T:EUD_Editor_3.MainWindowD">
<summary>
MainWindowD
</summary>
</member>
<member name="M:EUD_Editor_3.MainWindowD.InitializeComponent">
<summary>
InitializeComponent
</summary>
</member>
<member name="T:EUD_Editor_3.FastTreeview">
<summary>
FastTreeview
</summary>
</member>
<member name="M:EUD_Editor_3.FastTreeview.InitializeComponent">
<summary>
InitializeComponent
</summary>
</member>
<member name="T:EUD_Editor_3.TreeviewExample">
<summary>
TreeviewExample
</summary>
</member>
<member name="M:EUD_Editor_3.TreeviewExample.InitializeComponent">
<summary>
InitializeComponent
</summary>
</member>
<member name="T:EUD_Editor_3.CodeEditor">
<summary>
CodeEditor
</summary>
</member>
<member name="M:EUD_Editor_3.CodeEditor.InitializeComponent">
<summary>
InitializeComponent
</summary>
</member>
<member name="T:EUD_Editor_3.PopupToolTip">
<summary>
PopupToolTip
</summary>
</member>
<member name="M:EUD_Editor_3.PopupToolTip.InitializeComponent">
<summary>
InitializeComponent
</summary>
</member>
<member name="T:EUD_Editor_3.ConsoleTextbox">
<summary>
ConsoleTextbox
</summary>
</member>
<member name="M:EUD_Editor_3.ConsoleTextbox.InitializeComponent">
<summary>
InitializeComponent
</summary>
</member>
<member name="T:EUD_Editor_3.ButtonData">
<summary>
ButtonData
</summary>
</member>
<member name="M:EUD_Editor_3.ButtonData.InitializeComponent">
<summary>
InitializeComponent
</summary>
</member>
<member name="T:EUD_Editor_3.Unit_WireFrame">
<summary>
Unit_WireFrame
</summary>
</member>
<member name="M:EUD_Editor_3.Unit_WireFrame.InitializeComponent">
<summary>
InitializeComponent
</summary>
</member>
<member name="T:EUD_Editor_3.Unit_AIOrder">
<summary>
Unit_AIOrder
</summary>
</member>
<member name="M:EUD_Editor_3.Unit_AIOrder.InitializeComponent">
<summary>
InitializeComponent
</summary>
</member>
<member name="T:EUD_Editor_3.Unit_MapEdit">
<summary>
Unit_MapEdit
</summary>
</member>
<member name="M:EUD_Editor_3.Unit_MapEdit.InitializeComponent">
<summary>
InitializeComponent
</summary>
</member>
<member name="T:EUD_Editor_3.FlingyData">
<summary>
FlingyData
</summary>
</member>
<member name="M:EUD_Editor_3.FlingyData.InitializeComponent">
<summary>
InitializeComponent
</summary>
</member>
<member name="T:EUD_Editor_3.ImageData">
<summary>
ImageData
</summary>
</member>
<member name="M:EUD_Editor_3.ImageData.InitializeComponent">
<summary>
InitializeComponent
</summary>
</member>
<member name="T:EUD_Editor_3.ListSelecter">
<summary>
ListSelecter
</summary>
</member>
<member name="M:EUD_Editor_3.ListSelecter.InitializeComponent">
<summary>
InitializeComponent
</summary>
</member>
<member name="T:EUD_Editor_3.CodeSelecter">
<summary>
CodeSelecter
</summary>
</member>
<member name="M:EUD_Editor_3.CodeSelecter.InitializeComponent">
<summary>
InitializeComponent
</summary>
</member>
<member name="T:EUD_Editor_3.Unit_Graphic">
<summary>
Unit_Graphic
</summary>
</member>
<member name="M:EUD_Editor_3.Unit_Graphic.InitializeComponent">
<summary>
InitializeComponent
</summary>
</member>
<member name="T:EUD_Editor_3.Unit_Sound">
<summary>
Unit_Sound
</summary>
</member>
<member name="M:EUD_Editor_3.Unit_Sound.InitializeComponent">
<summary>
InitializeComponent
</summary>
</member>
<member name="T:EUD_Editor_3.Unit_Special">
<summary>
Unit_Special
</summary>
</member>
<member name="M:EUD_Editor_3.Unit_Special.InitializeComponent">
<summary>
InitializeComponent
</summary>
</member>
<member name="T:EUD_Editor_3.Unit_Default">
<summary>
Unit_Default
</summary>
</member>
<member name="M:EUD_Editor_3.Unit_Default.InitializeComponent">
<summary>
InitializeComponent
</summary>
</member>
<member name="T:EUD_Editor_3.Order_Data">
<summary>
Order_Data
</summary>
</member>
<member name="M:EUD_Editor_3.Order_Data.InitializeComponent">
<summary>
InitializeComponent
</summary>
</member>
<member name="T:EUD_Editor_3.RequireData">
<summary>
RequireData
</summary>
</member>
<member name="M:EUD_Editor_3.RequireData.InitializeComponent">
<summary>
InitializeComponent
</summary>
</member>
<member name="T:EUD_Editor_3.SpriteData">
<summary>
SpriteData
</summary>
</member>
<member name="M:EUD_Editor_3.SpriteData.InitializeComponent">
<summary>
InitializeComponent
</summary>
</member>
<member name="T:EUD_Editor_3.StatTxtData">
<summary>
StatTxtData
</summary>
</member>
<member name="M:EUD_Editor_3.StatTxtData.InitializeComponent">
<summary>
InitializeComponent
</summary>
</member>
<member name="T:EUD_Editor_3.StatusInforData">
<summary>
StatusInforData
</summary>
</member>
<member name="M:EUD_Editor_3.StatusInforData.InitializeComponent">
<summary>
InitializeComponent
</summary>
</member>
<member name="T:EUD_Editor_3.Tech_Data">
<summary>
Tech_Data
</summary>
</member>
<member name="M:EUD_Editor_3.Tech_Data.InitializeComponent">
<summary>
InitializeComponent
</summary>
</member>
<member name="T:EUD_Editor_3.OrderData">
<summary>
OrderData
</summary>
</member>
<member name="M:EUD_Editor_3.OrderData.InitializeComponent">
<summary>
InitializeComponent
</summary>
</member>
<member name="T:EUD_Editor_3.UpgradeData">
<summary>
UpgradeData
</summary>
</member>
<member name="M:EUD_Editor_3.UpgradeData.InitializeComponent">
<summary>
InitializeComponent
</summary>
</member>
<member name="T:EUD_Editor_3.TechData">
<summary>
TechData
</summary>
</member>
<member name="M:EUD_Editor_3.TechData.InitializeComponent">
<summary>
InitializeComponent
</summary>
</member>
<member name="T:EUD_Editor_3.UnitData">
<summary>
UnitData
</summary>
</member>
<member name="M:EUD_Editor_3.UnitData.InitializeComponent">
<summary>
InitializeComponent
</summary>
</member>
<member name="T:EUD_Editor_3.Upgrade_Data">
<summary>
Upgrade_Data
</summary>
</member>
<member name="M:EUD_Editor_3.Upgrade_Data.InitializeComponent">
<summary>
InitializeComponent
</summary>
</member>
<member name="T:EUD_Editor_3.WeaponData">
<summary>
WeaponData
</summary>
</member>
<member name="M:EUD_Editor_3.WeaponData.InitializeComponent">
<summary>
InitializeComponent
</summary>
</member>
<member name="T:EUD_Editor_3.BoolSelecter">
<summary>
BoolSelecter
</summary>
</member>
<member name="M:EUD_Editor_3.BoolSelecter.InitializeComponent">
<summary>
InitializeComponent
</summary>
</member>
<member name="T:EUD_Editor_3.ColoredTextBlock">
<summary>
ColoredTextBlock
</summary>
</member>
<member name="M:EUD_Editor_3.ColoredTextBlock.InitializeComponent">
<summary>
InitializeComponent
</summary>
</member>
<member name="T:EUD_Editor_3.ColoredTextBox">
<summary>
ColoredTextBox
</summary>
</member>
<member name="M:EUD_Editor_3.ColoredTextBox.InitializeComponent">
<summary>
InitializeComponent
</summary>
</member>
<member name="T:EUD_Editor_3.ComboxSelecter">
<summary>
ComboxSelecter
</summary>
</member>
<member name="M:EUD_Editor_3.ComboxSelecter.InitializeComponent">
<summary>
InitializeComponent
</summary>
</member>
<member name="T:EUD_Editor_3.FlagSelecterMini">
<summary>
FlagSelecterMini
</summary>
</member>
<member name="M:EUD_Editor_3.FlagSelecterMini.InitializeComponent">
<summary>
InitializeComponent
</summary>
</member>
<member name="T:EUD_Editor_3.FlagSelecter">
<summary>
FlagSelecter
</summary>
</member>
<member name="M:EUD_Editor_3.FlagSelecter.InitializeComponent">
<summary>
InitializeComponent
</summary>
</member>
<member name="T:EUD_Editor_3.IconSelecterP">
<summary>
IconSelecterP
</summary>
</member>
<member name="M:EUD_Editor_3.IconSelecterP.InitializeComponent">
<summary>
InitializeComponent
</summary>
</member>
<member name="T:EUD_Editor_3.IconSelecter">
<summary>
IconSelecter
</summary>
</member>
<member name="M:EUD_Editor_3.IconSelecter.InitializeComponent">
<summary>
InitializeComponent
</summary>
</member>
<member name="T:EUD_Editor_3.InputField">
<summary>
InputField
</summary>
</member>
<member name="M:EUD_Editor_3.InputField.InitializeComponent">
<summary>
InitializeComponent
</summary>
</member>
<member name="T:EUD_Editor_3.NameBar">
<summary>
NameBar
</summary>
</member>
<member name="M:EUD_Editor_3.NameBar.InitializeComponent">
<summary>
InitializeComponent
</summary>
</member>
<member name="T:EUD_Editor_3.ColorPicker">
<summary>
ColorPicker
</summary>
</member>
<member name="M:EUD_Editor_3.ColorPicker.InitializeComponent">
<summary>
InitializeComponent
</summary>
</member>
<member name="T:EUD_Editor_3.RequireListBox">
<summary>
RequireListBox
</summary>
</member>
<member name="M:EUD_Editor_3.RequireListBox.InitializeComponent">
<summary>
InitializeComponent
</summary>
</member>
<member name="T:EUD_Editor_3.RequireListBoxItem">
<summary>
RequireListBoxItem
</summary>
</member>
<member name="M:EUD_Editor_3.RequireListBoxItem.InitializeComponent">
<summary>
InitializeComponent
</summary>
</member>
<member name="T:EUD_Editor_3.UserControl1">
<summary>
UserControl1
</summary>
</member>
<member name="M:EUD_Editor_3.UserControl1.InitializeComponent">
<summary>
InitializeComponent
</summary>
</member>
<member name="T:EUD_Editor_3.UsedCodeList">
<summary>
UsedCodeList
</summary>
</member>
<member name="M:EUD_Editor_3.UsedCodeList.InitializeComponent">
<summary>
InitializeComponent
</summary>
</member>
<member name="T:EUD_Editor_3.ThemeContorl">
<summary>
ThemeContorl
</summary>
</member>
<member name="M:EUD_Editor_3.ThemeContorl.InitializeComponent">
<summary>
InitializeComponent
</summary>
</member>
<member name="T:EUD_Editor_3.ProjectControl">
<summary>
ProjectControl
</summary>
</member>
<member name="M:EUD_Editor_3.ProjectControl.InitializeComponent">
<summary>
InitializeComponent
</summary>
</member>
<member name="T:EUD_Editor_3.TECUIPage">
<summary>
TECUIPage
</summary>
</member>
<member name="M:EUD_Editor_3.TECUIPage.InitializeComponent">
<summary>
InitializeComponent
</summary>
</member>
<member name="T:EUD_Editor_3.GUIScriptEditorUI">
<summary>
GUIScriptEditorUI
</summary>
</member>
<member name="M:EUD_Editor_3.GUIScriptEditorUI.InitializeComponent">
<summary>
InitializeComponent
</summary>
</member>
<member name="T:EUD_Editor_3.GUIScriptEditerWindow">
<summary>
GUIScriptEditerWindow
</summary>
</member>
<member name="M:EUD_Editor_3.GUIScriptEditerWindow.InitializeComponent">
<summary>
InitializeComponent
</summary>
</member>
<member name="T:EUD_Editor_3.GUI_Action">
<summary>
GUI_Action
</summary>
</member>
<member name="M:EUD_Editor_3.GUI_Action.InitializeComponent">
<summary>
InitializeComponent
</summary>
</member>
<member name="T:EUD_Editor_3.GUI_Action_ArgSelecter">
<summary>
GUI_Action_ArgSelecter
</summary>
</member>
<member name="M:EUD_Editor_3.GUI_Action_ArgSelecter.InitializeComponent">
<summary>
InitializeComponent
</summary>
</member>
<member name="T:EUD_Editor_3.GUI_Action_Count">
<summary>
GUI_Action_Count
</summary>
</member>
<member name="M:EUD_Editor_3.GUI_Action_Count.InitializeComponent">
<summary>
InitializeComponent
</summary>
</member>
<member name="T:EUD_Editor_3.GUI_Action_ListSelecter">
<summary>
GUI_Action_ListSelecter
</summary>
</member>
<member name="M:EUD_Editor_3.GUI_Action_ListSelecter.InitializeComponent">
<summary>
InitializeComponent
</summary>
</member>
<member name="T:EUD_Editor_3.GUI_Action_String">
<summary>
GUI_Action_String
</summary>
</member>
<member name="M:EUD_Editor_3.GUI_Action_String.InitializeComponent">
<summary>
InitializeComponent
</summary>
</member>
<member name="T:EUD_Editor_3.GUI_Action_UnitProperty">
<summary>
GUI_Action_UnitProperty
</summary>
</member>
<member name="M:EUD_Editor_3.GUI_Action_UnitProperty.InitializeComponent">
<summary>
InitializeComponent
</summary>
</member>
<member name="T:EUD_Editor_3.GUI_FunctionSelecter">
<summary>
GUI_FunctionSelecter
</summary>
</member>
<member name="M:EUD_Editor_3.GUI_FunctionSelecter.InitializeComponent">
<summary>
InitializeComponent
</summary>
</member>
<member name="T:EUD_Editor_3.GUI_ObjectSelecter">
<summary>
GUI_ObjectSelecter
</summary>
</member>
<member name="M:EUD_Editor_3.GUI_ObjectSelecter.InitializeComponent">
<summary>
InitializeComponent
</summary>
</member>
<member name="T:EUD_Editor_3.GUI_VariableSelecter">
<summary>
GUI_VariableSelecter
</summary>
</member>
<member name="M:EUD_Editor_3.GUI_VariableSelecter.InitializeComponent">
<summary>
InitializeComponent
</summary>
</member>
<member name="T:EUD_Editor_3.GUI_ArgEditor">
<summary>
GUI_ArgEditor
</summary>
</member>
<member name="M:EUD_Editor_3.GUI_ArgEditor.InitializeComponent">
<summary>
InitializeComponent
</summary>
</member>
<member name="T:EUD_Editor_3.GUI_ArgEditorWindow">
<summary>
GUI_ArgEditorWindow
</summary>
</member>
<member name="M:EUD_Editor_3.GUI_ArgEditorWindow.InitializeComponent">
<summary>
InitializeComponent
</summary>
</member>
<member name="T:EUD_Editor_3.GUI_ArgExpress">
<summary>
GUI_ArgExpress
</summary>
</member>
<member name="M:EUD_Editor_3.GUI_ArgExpress.InitializeComponent">
<summary>
InitializeComponent
</summary>
</member>
<member name="T:EUD_Editor_3.GUI_Express">
<summary>
GUI_Express
</summary>
</member>
<member name="M:EUD_Editor_3.GUI_Express.InitializeComponent">
<summary>
InitializeComponent
</summary>
</member>
<member name="T:EUD_Editor_3.GUI_Folder">
<summary>
GUI_Folder
</summary>
</member>
<member name="M:EUD_Editor_3.GUI_Folder.InitializeComponent">
<summary>
InitializeComponent
</summary>
</member>
<member name="T:EUD_Editor_3.GUI_For">
<summary>
GUI_For
</summary>
</member>
<member name="M:EUD_Editor_3.GUI_For.InitializeComponent">
<summary>
InitializeComponent
</summary>
</member>
<member name="T:EUD_Editor_3.GUI_FuncArgVal">
<summary>
GUI_FuncArgVal
</summary>
</member>
<member name="M:EUD_Editor_3.GUI_FuncArgVal.InitializeComponent">
<summary>
InitializeComponent
</summary>
</member>
<member name="T:EUD_Editor_3.GUI_FuncEdit">
<summary>
GUI_FuncEdit
</summary>
</member>
<member name="M:EUD_Editor_3.GUI_FuncEdit.InitializeComponent">
<summary>
InitializeComponent
</summary>
</member>
<member name="T:EUD_Editor_3.GUI_GrayWindow">
<summary>
GUI_GrayWindow
</summary>
</member>
<member name="M:EUD_Editor_3.GUI_GrayWindow.InitializeComponent">
<summary>
InitializeComponent
</summary>
</member>
<member name="T:EUD_Editor_3.GUI_If">
<summary>
GUI_If
</summary>
</member>
<member name="M:EUD_Editor_3.GUI_If.InitializeComponent">
<summary>
InitializeComponent
</summary>
</member>
<member name="T:EUD_Editor_3.GUI_Import">
<summary>
GUI_Import
</summary>
</member>
<member name="M:EUD_Editor_3.GUI_Import.InitializeComponent">
<summary>
InitializeComponent
</summary>
</member>
<member name="T:EUD_Editor_3.GUI_Object">
<summary>
GUI_Object
</summary>
</member>
<member name="M:EUD_Editor_3.GUI_Object.InitializeComponent">
<summary>
InitializeComponent
</summary>
</member>
<member name="T:EUD_Editor_3.GUI_RawCode">
<summary>
GUI_RawCode
</summary>
</member>
<member name="M:EUD_Editor_3.GUI_RawCode.InitializeComponent">
<summary>
InitializeComponent
</summary>
</member>
<member name="T:EUD_Editor_3.GUI_Switch">
<summary>
GUI_Switch
</summary>
</member>
<member name="M:EUD_Editor_3.GUI_Switch.InitializeComponent">
<summary>
InitializeComponent
</summary>
</member>
<member name="T:EUD_Editor_3.GUI_SwitchCase">
<summary>
GUI_SwitchCase
</summary>
</member>
<member name="M:EUD_Editor_3.GUI_SwitchCase.InitializeComponent">
<summary>
InitializeComponent
</summary>
</member>
<member name="T:EUD_Editor_3.GUI_Var">
<summary>
GUI_Var
</summary>
</member>
<member name="M:EUD_Editor_3.GUI_Var.InitializeComponent">
<summary>
InitializeComponent
</summary>
</member>
<member name="T:EUD_Editor_3.GUI_VarFuncUse">
<summary>
GUI_VarFuncUse
</summary>
</member>
<member name="M:EUD_Editor_3.GUI_VarFuncUse.InitializeComponent">
<summary>
InitializeComponent
</summary>
</member>
<member name="T:EUD_Editor_3.GUI_VarUse">
<summary>
GUI_VarUse
</summary>
</member>
<member name="M:EUD_Editor_3.GUI_VarUse.InitializeComponent">
<summary>
InitializeComponent
</summary>
</member>
<member name="T:EUD_Editor_3.ScriptTreeviewitem">
<summary>
ScriptTreeviewitem
</summary>
</member>
<member name="M:EUD_Editor_3.ScriptTreeviewitem.InitializeComponent">
<summary>
InitializeComponent
</summary>
</member>
<member name="T:EUD_Editor_3.TEGUIObjectSelecter">
<summary>
TEGUIObjectSelecter
</summary>
</member>
<member name="M:EUD_Editor_3.TEGUIObjectSelecter.InitializeComponent">
<summary>
InitializeComponent
</summary>
</member>
<member name="T:EUD_Editor_3.TEGUIPage">
<summary>
TEGUIPage
</summary>
</member>
<member name="M:EUD_Editor_3.TEGUIPage.InitializeComponent">
<summary>
InitializeComponent
</summary>
</member>
<member name="T:EUD_Editor_3.SCADataList">
<summary>
SCADataList
</summary>
</member>
<member name="M:EUD_Editor_3.SCADataList.InitializeComponent">
<summary>
InitializeComponent
</summary>
</member>
<member name="T:EUD_Editor_3.TriggerEditorSetting">
<summary>
TriggerEditorSetting
</summary>
</member>
<member name="M:EUD_Editor_3.TriggerEditorSetting.InitializeComponent">
<summary>
InitializeComponent
</summary>
</member>
<member name="T:EUD_Editor_3.SCASetting">
<summary>
SCASetting
</summary>
</member>
<member name="M:EUD_Editor_3.SCASetting.InitializeComponent">
<summary>
InitializeComponent
</summary>
</member>
<member name="T:EUD_Editor_3.ProjectExplorer">
<summary>
ProjectExplorer
</summary>
</member>
<member name="M:EUD_Editor_3.ProjectExplorer.InitializeComponent">
<summary>
InitializeComponent
</summary>
</member>
<member name="T:EUD_Editor_3.BuildLogWindow">
<summary>
BuildLogWindow
</summary>
</member>
<member name="M:EUD_Editor_3.BuildLogWindow.InitializeComponent">
<summary>
InitializeComponent
</summary>
</member>
<member name="T:EUD_Editor_3.DataEditor">
<summary>
DataEditor
</summary>
</member>
<member name="M:EUD_Editor_3.DataEditor.InitializeComponent">
<summary>
InitializeComponent
</summary>
</member>
<member name="T:EUD_Editor_3.GrpLoader">
<summary>
GrpLoader
</summary>
</member>
<member name="M:EUD_Editor_3.GrpLoader.InitializeComponent">
<summary>
InitializeComponent
</summary>
</member>
<member name="T:EUD_Editor_3.PluginWindow">
<summary>
PluginWindow
</summary>
</member>
<member name="M:EUD_Editor_3.PluginWindow.InitializeComponent">
<summary>
InitializeComponent
</summary>
</member>
<member name="T:EUD_Editor_3.PluginItem">
<summary>
PluginItem
</summary>
</member>
<member name="M:EUD_Editor_3.PluginItem.InitializeComponent">
<summary>
InitializeComponent
</summary>
</member>
<member name="T:EUD_Editor_3.SettingWindows">
<summary>
SettingWindows
</summary>
</member>
<member name="M:EUD_Editor_3.SettingWindows.InitializeComponent">
<summary>
InitializeComponent
</summary>
</member>
<member name="T:EUD_Editor_3.TriggerEditor">
<summary>
TriggerEditor
</summary>
</member>
<member name="M:EUD_Editor_3.TriggerEditor.InitializeComponent">
<summary>
InitializeComponent
</summary>
</member>
<member name="T:EUD_Editor_3.Application">
<summary>
Application
</summary>
</member>
<member name="M:EUD_Editor_3.Application.InitializeComponent">
<summary>
InitializeComponent
</summary>
</member>
<member name="M:EUD_Editor_3.Application.Main">
<summary>
Application Entry Point.
</summary>
</member>
<member name="T:EUD_Editor_3.MainWindow">
<summary>
MainWindow
</summary>
</member>
<member name="M:EUD_Editor_3.MainWindow.InitializeComponent">
<summary>
InitializeComponent
</summary>
</member>
<member name="T:EUD_Editor_3.XamlGeneratedNamespace.GeneratedInternalTypeHelper">
<summary>
GeneratedInternalTypeHelper
</summary>
</member>
<member name="M:EUD_Editor_3.XamlGeneratedNamespace.GeneratedInternalTypeHelper.CreateInstance(System.Type,System.Globalization.CultureInfo)">
<summary>
CreateInstance
</summary>
</member>
<member name="M:EUD_Editor_3.XamlGeneratedNamespace.GeneratedInternalTypeHelper.GetPropertyValue(System.Reflection.PropertyInfo,System.Object,System.Globalization.CultureInfo)">
<summary>
GetPropertyValue
</summary>
</member>
<member name="M:EUD_Editor_3.XamlGeneratedNamespace.GeneratedInternalTypeHelper.SetPropertyValue(System.Reflection.PropertyInfo,System.Object,System.Object,System.Globalization.CultureInfo)">
<summary>
SetPropertyValue
</summary>
</member>
<member name="M:EUD_Editor_3.XamlGeneratedNamespace.GeneratedInternalTypeHelper.CreateDelegate(System.Type,System.Object,System.String)">
<summary>
CreateDelegate
</summary>
</member>
<member name="M:EUD_Editor_3.XamlGeneratedNamespace.GeneratedInternalTypeHelper.AddEventHandler(System.Reflection.EventInfo,System.Object,System.Delegate)">
<summary>
AddEventHandler
</summary>
</member>
</members>
</doc>
